Target_Variance,Volatility,Return,Sharpe
0.02,0.1520050789396432,0.07455458019354402,0.4904742704232105
0.025500000000000002,0.15968719423451716,0.09697267436966552,0.6072664425880707
0.031,0.176068168626558,0.11672976891573361,0.6629805366086268
0.036500000000000005,0.19104973177892032,0.12913819199411794,0.6759401899791966
0.041999999999999996,0.20493901535808765,0.13803112473058363,0.6735229233408944
0.0475,0.21794494731761882,0.14517182144550134,0.6660939986552538
0.053000000000000005,0.2302172886648135,0.15114972490696593,0.6565524500074946
0.058499999999999996,0.24186773251503904,0.15634744506561155,0.6464171282371867
0.064,0.2472786117357095,0.15831090027112132,0.640212670072426
0.06949999999999999,0.2472786117357095,0.15831090027112132,0.640212670072426
0.075,0.2472786117357095,0.15831090027112132,0.640212670072426
0.0805,0.2472786117357095,0.15831090027112132,0.640212670072426
0.08600000000000001,0.2472786117357095,0.15831090027112132,0.640212670072426
0.0915,0.2472786117357095,0.15831090027112132,0.640212670072426
0.097,0.2472786117357095,0.15831090027112132,0.640212670072426
0.1025,0.2472786117357095,0.15831090027112132,0.640212670072426
0.108,0.2472786117357095,0.15831090027112132,0.640212670072426
0.1135,0.2472786117357095,0.15831090027112132,0.640212670072426
0.119,0.2472786117357095,0.15831090027112132,0.640212670072426
0.1245,0.2472786117357095,0.15831090027112132,0.640212670072426
0.12999999999999998,0.2472786117357095,0.15831090027112132,0.640212670072426
0.13549999999999998,0.2472786117357095,0.15831090027112132,0.640212670072426
0.141,0.2472786117357095,0.15831090027112132,0.640212670072426
0.1465,0.2472786117357095,0.15831090027112132,0.640212670072426
0.152,0.2472786117357095,0.15831090027112132,0.640212670072426
0.15749999999999997,0.2472786117357095,0.15831090027112132,0.640212670072426
0.16299999999999998,0.2472786117357095,0.15831090027112132,0.640212670072426
0.16849999999999998,0.2472786117357095,0.15831090027112132,0.640212670072426
0.174,0.2472786117357095,0.15831090027112132,0.640212670072426
0.1795,0.2472786117357095,0.15831090027112132,0.640212670072426
0.18499999999999997,0.2472786117357095,0.15831090027112132,0.640212670072426
0.19049999999999997,0.2472786117357095,0.15831090027112132,0.640212670072426
0.19599999999999998,0.2472786117357095,0.15831090027112132,0.640212670072426
0.20149999999999998,0.2472786117357095,0.15831090027112132,0.640212670072426
0.207,0.2472786117357095,0.15831090027112132,0.640212670072426
0.21249999999999997,0.2472786117357095,0.15831090027112132,0.640212670072426
0.21799999999999997,0.2472786117357095,0.15831090027112132,0.640212670072426
0.22349999999999998,0.2472786117357095,0.15831090027112132,0.640212670072426
0.22899999999999998,0.2472786117357095,0.15831090027112132,0.640212670072426
0.2345,0.2472786117357095,0.15831090027112132,0.640212670072426
0.23999999999999996,0.2472786117357095,0.15831090027112132,0.640212670072426
0.24549999999999997,0.2472786117357095,0.15831090027112132,0.640212670072426
0.251,0.2472786117357095,0.15831090027112132,0.640212670072426
0.2565,0.2472786117357095,0.15831090027112132,0.640212670072426
0.262,0.2472786117357095,0.15831090027112132,0.640212670072426
0.2675,0.2472786117357095,0.15831090027112132,0.640212670072426
0.273,0.2472786117357095,0.15831090027112132,0.640212670072426
0.2785,0.2472786117357095,0.15831090027112132,0.640212670072426
0.28400000000000003,0.2472786117357095,0.15831090027112132,0.640212670072426
0.2895,0.2472786117357095,0.15831090027112132,0.640212670072426
0.295,0.2472786117357095,0.15831090027112132,0.640212670072426
0.3005,0.2472786117357095,0.15831090027112132,0.640212670072426
0.306,0.2472786117357095,0.15831090027112132,0.640212670072426
0.3115,0.2472786117357095,0.15831090027112132,0.640212670072426
0.317,0.2472786117357095,0.15831090027112132,0.640212670072426
0.3225,0.2472786117357095,0.15831090027112132,0.640212670072426
0.328,0.2472786117357095,0.15831090027112132,0.640212670072426
0.3335,0.2472786117357095,0.15831090027112132,0.640212670072426
0.339,0.2472786117357095,0.15831090027112132,0.640212670072426
0.3445,0.2472786117357095,0.15831090027112132,0.640212670072426
