model,epoch,train_loss,val_loss
LSTM,1,0.3401379883289337,0.27085673809051514
LSTM,2,0.33753931522369385,0.2695377767086029
LSTM,3,0.33643001317977905,0.2688346207141876
LSTM,4,0.3356439769268036,0.26937440037727356
LSTM,5,0.3330954909324646,0.2714650630950928
LSTM,6,0.328413724899292,0.2735341787338257
LSTM,7,0.32131966948509216,0.2786090075969696
LSTM,8,0.30889835953712463,0.3185533583164215
LSTM,9,0.2976093888282776,0.3111158013343811
LSTM,10,0.28790247440338135,0.30236363410949707
LSTM,11,0.2790423631668091,0.32494840025901794
