Model,Family,RMSE,MAE,MAPE,R2,DirAcc,N,Params,Epochs,Diagnosis,Train_Seconds
LSTM,DL,0.0161919280348112,0.0116798162531104,1.1669696614155816,6.667730866138921e-05,0.524927536231884,3450,63393.0,11.0,healthy,244.5
Transformer,DL,0.0162123325864691,0.0117069324530387,1.171529211132268,-0.0024550788181036,0.5269565217391304,3450,46529.0,10.0,healthy,168.3
GRU,DL,0.0162362342039538,0.0117076618790768,1.169415496764565,-0.0054130689628644,0.5089855072463768,3450,47969.0,10.0,healthy,224.8
BiLSTM,DL,0.0162906390674015,0.0117536365688589,1.1736254604547292,-0.0121622946972734,0.4881159420289855,3450,102945.0,11.0,overfitting,172.3
RandomForest,ML,0.0176399787161177,0.0123069022546342,1.229930101293701,0.0047027918000893,0.5311801242236025,4050,,,,
Naive random walk,Baseline,0.0177004857103758,0.0123595501648948,1.2350733876171411,-0.0021368680553612,0.5392644135188867,4050,,,,
Ensemble (equal weight),ML,0.0175646717496401,0.0123608770405568,1.2368290513786038,0.0131827139003887,0.5314285714285715,4050,,,,
XGBoost,ML,0.0177380772151977,0.0124474464125425,1.2439736968174069,-0.0063979755082272,0.5160248447204969,4050,,,,
SVR,ML,0.017896381533941,0.0126578315044237,1.2694740164687115,-0.0244414264078236,0.5301863354037267,4050,,,,
Ridge,ML,0.0179527210353983,0.0127962714635846,1.280389282685798,-0.0309016561091872,0.5088198757763975,4050,,,,
