Ticker,Recommendation,Composite_Score,Forecast_Signal,Sentiment_Signal,Risk_Signal,Target_Weight,Current_Weight,Drift,Rebalance,Rationale
KO,BUY,0.4,0.55,0.5,0.1,0.0,0.0,0.0,MAINTAIN,Composite clears the buy threshold: forecast neutral (0.55); sentiment neutral (0.50); risk low (0.10). The forecast term carries zero weight because the model shows no measured edge over the random walk (Section 8.3).
PG,BUY,0.32,0.55,0.5,0.2,0.0671,0.0,0.0671,INCREASE,Composite clears the buy threshold: forecast neutral (0.55); sentiment neutral (0.50); risk low (0.20). The forecast term carries zero weight because the model shows no measured edge over the random walk (Section 8.3).
JPM,BUY,0.24,0.55,0.5,0.3,0.1479,0.0,0.1479,INCREASE,Composite clears the buy threshold: forecast neutral (0.55); sentiment neutral (0.50); risk low (0.30). The forecast term carries zero weight because the model shows no measured edge over the random walk (Section 8.3).
JNJ,BUY,0.16,0.55,0.5,0.4,0.0852,0.0,0.0852,INCREASE,Composite clears the buy threshold: forecast neutral (0.55); sentiment neutral (0.50); risk moderate (0.40). The forecast term carries zero weight because the model shows no measured edge over the random walk (Section 8.3).
MSFT,HOLD,0.08,0.1,0.5,0.5,0.2,0.0,0.2,INCREASE,Composite sits inside the no-trade band: forecast weak (0.10); sentiment neutral (0.50); risk moderate (0.50). The forecast term carries zero weight because the model shows no measured edge over the random walk (Section 8.3).
HD,HOLD,0.0,0.55,0.5,0.6,0.0484,0.0,0.0484,MAINTAIN,Composite sits inside the no-trade band: forecast neutral (0.55); sentiment neutral (0.50); risk moderate (0.60). The forecast term carries zero weight because the model shows no measured edge over the random walk (Section 8.3).
AAPL,HOLD,-0.08,0.9,0.5,0.7,0.1365,0.0,0.1365,INCREASE,Composite sits inside the no-trade band: forecast strong (0.90); sentiment neutral (0.50); risk high (0.70). The forecast term carries zero weight because the model shows no measured edge over the random walk (Section 8.3).
XOM,SELL,-0.16,0.55,0.5,0.8,0.0,0.0,0.0,MAINTAIN,Composite falls below the sell threshold: forecast neutral (0.55); sentiment neutral (0.50); risk high (0.80). The forecast term carries zero weight because the model shows no measured edge over the random walk (Section 8.3).
CAT,SELL,-0.24,1.0,0.5,0.9,0.1149,0.0,0.1149,INCREASE,Composite falls below the sell threshold: forecast strong (1.00); sentiment neutral (0.50); risk high (0.90). The forecast term carries zero weight because the model shows no measured edge over the random walk (Section 8.3).
NVDA,SELL,-0.32,0.2,0.5,1.0,0.2,0.0,0.2,INCREASE,Composite falls below the sell threshold: forecast weak (0.20); sentiment neutral (0.50); risk high (1.00). The forecast term carries zero weight because the model shows no measured edge over the random walk (Section 8.3).
